Workbook

Sheet Scrap_Sale
A1: XXXXXXXX Depot
A2: Scrap Sales
A3: ="From "&TEXT(A5,"MMM-YY")&" to "&TEXT(INDIRECT("A"&COUNTA(A5:A16)+4),"MMM-YY") -> From Jan-25 to Dec-25
A4: Month | B4: Carton KG | C4: Avg. Rate | D4: Carton Taka | E4: Others Sales Taka | F4: Total Taka | G4: Comments
A5: 45658 | C5: =IFERROR(Table8[[#This Row],[Carton Taka]]/Table8[[#This Row],[Carton KG]],"") | F5: =Table8[[#This Row],[Carton Taka]]+Table8[[#This Row],[ Others Sales Taka]] -> 0
A6: 45689 | C6: =IFERROR(Table8[[#This Row],[Carton Taka]]/Table8[[#This Row],[Carton KG]],"") | F6: =Table8[[#This Row],[Carton Taka]]+Table8[[#This Row],[ Others Sales Taka]] -> 0
A7: 45717 | C7: =IFERROR(Table8[[#This Row],[Carton Taka]]/Table8[[#This Row],[Carton KG]],"") | F7: =Table8[[#This Row],[Carton Taka]]+Table8[[#This Row],[ Others Sales Taka]] -> 0
A8: 45748 | C8: =IFERROR(Table8[[#This Row],[Carton Taka]]/Table8[[#This Row],[Carton KG]],"") | F8: =Table8[[#This Row],[Carton Taka]]+Table8[[#This Row],[ Others Sales Taka]] -> 0
A9: 45778 | C9: =IFERROR(Table8[[#This Row],[Carton Taka]]/Table8[[#This Row],[Carton KG]],"") | F9: =Table8[[#This Row],[Carton Taka]]+Table8[[#This Row],[ Others Sales Taka]] -> 0
A10: 45809 | C10: =IFERROR(Table8[[#This Row],[Carton Taka]]/Table8[[#This Row],[Carton KG]],"") | F10: =Table8[[#This Row],[Carton Taka]]+Table8[[#This Row],[ Others Sales Taka]] -> 0
A11: 45839 | C11: =IFERROR(Table8[[#This Row],[Carton Taka]]/Table8[[#This Row],[Carton KG]],"") | F11: =Table8[[#This Row],[Carton Taka]]+Table8[[#This Row],[ Others Sales Taka]] -> 0
A12: 45870 | C12: =IFERROR(Table8[[#This Row],[Carton Taka]]/Table8[[#This Row],[Carton KG]],"") | F12: =Table8[[#This Row],[Carton Taka]]+Table8[[#This Row],[ Others Sales Taka]] -> 0
A13: 45901 | C13: =IFERROR(Table8[[#This Row],[Carton Taka]]/Table8[[#This Row],[Carton KG]],"") | F13: =Table8[[#This Row],[Carton Taka]]+Table8[[#This Row],[ Others Sales Taka]] -> 0
A14: 45931 | C14: =IFERROR(Table8[[#This Row],[Carton Taka]]/Table8[[#This Row],[Carton KG]],"") | F14: =Table8[[#This Row],[Carton Taka]]+Table8[[#This Row],[ Others Sales Taka]] -> 0
A15: 45962 | C15: =IFERROR(Table8[[#This Row],[Carton Taka]]/Table8[[#This Row],[Carton KG]],"") | F15: =Table8[[#This Row],[Carton Taka]]+Table8[[#This Row],[ Others Sales Taka]] -> 0
A16: 45992 | C16: =IFERROR(Table8[[#This Row],[Carton Taka]]/Table8[[#This Row],[Carton KG]],"") | F16: =Table8[[#This Row],[Carton Taka]]+Table8[[#This Row],[ Others Sales Taka]] -> 0
A17: Total | B17: =SUM(B5:B16) -> 0 | C17: =IFERROR(Table8[[#This Row],[Carton Taka]]/Table8[[#This Row],[Carton KG]],"") | D17: =SUM(D5:D16) -> 0 | E17: =SUM(E5:E16) -> 0 | F17: =SUM(F5:F16) -> 0 | G17: Average will be Std.
A18: ="Sajib"&CHAR(169) -> Sajib©
A19: Avg. Qty. | B19: =B17/COUNT(A5:A16) -> 0
A20: Min Rate:
A21: Max Rate:

Sheet G1_Fuel
A1: =Scrap_Sale!A1 -> XXXXXXXX Depot
A2: Generator Fuel Consumption
A3: =Scrap_Sale!A3 -> From Jan-25 to Dec-25
A4: Generator : | B4: 5 KVA Dolgfong Cumming, Model-
A5: Fuel Type : | B5: Diesel
A6: Origin :
A7: Month | B7: Fuel Liter | C7: Fuel Taka | D7: Total Run time (if Minute) | E7: Total Run time (if Hour:Minute) | F7: Fuel Consup. Per Hour (Liter) | G7: Fuel Consup. Per Hour (Taka) | H7: Comments
A8: =IF(Scrap_Sale!A5="","",Scrap_Sale!A5) -> 45658 | B8: 5 | C8: 750 | D8: 130 | F8: =IFERROR(Table4445[[#This Row],[Fuel Liter]]/(Table4445[[#This Row],[Total Run time (if Minute)]]/60),0) -> 2.3076923 | G8: =IFERROR(Table4445[[#This Row],[Fuel Taka]]/(Table4445[[#This Row],[Total Run time (if Minute)]]/60),0) -> 346.15385
A9: =IF(Scrap_Sale!A6="","",Scrap_Sale!A6) -> 45689 | D9: =HOUR(Table4445[[#This Row],[Total Run time (if Hour:Minute)]])*60+MINUTE(Table4445[[#This Row],[Total Run time (if Hour:Minute)]]) -> 0 | F9: =IFERROR(Table4445[[#This Row],[Fuel Liter]]/(Table4445[[#This Row],[Total Run time (if Minute)]]/60),0) -> 0 | G9: =IFERROR(Table4445[[#This Row],[Fuel Taka]]/(Table4445[[#This Row],[Total Run time (if Minute)]]/60),0) -> 0
A10: =IF(Scrap_Sale!A7="","",Scrap_Sale!A7) -> 45717 | D10: =HOUR(Table4445[[#This Row],[Total Run time (if Hour:Minute)]])*60+MINUTE(Table4445[[#This Row],[Total Run time (if Hour:Minute)]]) -> 0 | F10: =IFERROR(Table4445[[#This Row],[Fuel Liter]]/(Table4445[[#This Row],[Total Run time (if Minute)]]/60),0) -> 0 | G10: =IFERROR(Table4445[[#This Row],[Fuel Taka]]/(Table4445[[#This Row],[Total Run time (if Minute)]]/60),0) -> 0
A11: =IF(Scrap_Sale!A8="","",Scrap_Sale!A8) -> 45748 | D11: =HOUR(Table4445[[#This Row],[Total Run time (if Hour:Minute)]])*60+MINUTE(Table4445[[#This Row],[Total Run time (if Hour:Minute)]]) -> 0 | F11: =IFERROR(Table4445[[#This Row],[Fuel Liter]]/(Table4445[[#This Row],[Total Run time (if Minute)]]/60),0) -> 0 | G11: =IFERROR(Table4445[[#This Row],[Fuel Taka]]/(Table4445[[#This Row],[Total Run time (if Minute)]]/60),0) -> 0
A12: =IF(Scrap_Sale!A9="","",Scrap_Sale!A9) -> 45778 | D12: =HOUR(Table4445[[#This Row],[Total Run time (if Hour:Minute)]])*60+MINUTE(Table4445[[#This Row],[Total Run time (if Hour:Minute)]]) -> 0 | F12: =IFERROR(Table4445[[#This Row],[Fuel Liter]]/(Table4445[[#This Row],[Total Run time (if Minute)]]/60),0) -> 0 | G12: =IFERROR(Table4445[[#This Row],[Fuel Taka]]/(Table4445[[#This Row],[Total Run time (if Minute)]]/60),0) -> 0
A13: =IF(Scrap_Sale!A10="","",Scrap_Sale!A10) -> 45809 | D13: =HOUR(Table4445[[#This Row],[Total Run time (if Hour:Minute)]])*60+MINUTE(Table4445[[#This Row],[Total Run time (if Hour:Minute)]]) -> 0 | F13: =IFERROR(Table4445[[#This Row],[Fuel Liter]]/(Table4445[[#This Row],[Total Run time (if Minute)]]/60),0) -> 0 | G13: =IFERROR(Table4445[[#This Row],[Fuel Taka]]/(Table4445[[#This Row],[Total Run time (if Minute)]]/60),0) -> 0
A14: =IF(Scrap_Sale!A11="","",Scrap_Sale!A11) -> 45839 | D14: =HOUR(Table4445[[#This Row],[Total Run time (if Hour:Minute)]])*60+MINUTE(Table4445[[#This Row],[Total Run time (if Hour:Minute)]]) -> 0 | F14: =IFERROR(Table4445[[#This Row],[Fuel Liter]]/(Table4445[[#This Row],[Total Run time (if Minute)]]/60),0) -> 0 | G14: =IFERROR(Table4445[[#This Row],[Fuel Taka]]/(Table4445[[#This Row],[Total Run time (if Minute)]]/60),0) -> 0
A15: =IF(Scrap_Sale!A12="","",Scrap_Sale!A12) -> 45870 | D15: =HOUR(Table4445[[#This Row],[Total Run time (if Hour:Minute)]])*60+MINUTE(Table4445[[#This Row],[Total Run time (if Hour:Minute)]]) -> 0 | F15: =IFERROR(Table4445[[#This Row],[Fuel Liter]]/(Table4445[[#This Row],[Total Run time (if Minute)]]/60),0) -> 0 | G15: =IFERROR(Table4445[[#This Row],[Fuel Taka]]/(Table4445[[#This Row],[Total Run time (if Minute)]]/60),0) -> 0
A16: =IF(Scrap_Sale!A13="","",Scrap_Sale!A13) -> 45901 | D16: =HOUR(Table4445[[#This Row],[Total Run time (if Hour:Minute)]])*60+MINUTE(Table4445[[#This Row],[Total Run time (if Hour:Minute)]]) -> 0 | F16: =IFERROR(Table4445[[#This Row],[Fuel Liter]]/(Table4445[[#This Row],[Total Run time (if Minute)]]/60),0) -> 0 | G16: =IFERROR(Table4445[[#This Row],[Fuel Taka]]/(Table4445[[#This Row],[Total Run time (if Minute)]]/60),0) -> 0
A17: =IF(Scrap_Sale!A14="","",Scrap_Sale!A14) -> 45931 | D17: =HOUR(Table4445[[#This Row],[Total Run time (if Hour:Minute)]])*60+MINUTE(Table4445[[#This Row],[Total Run time (if Hour:Minute)]]) -> 0 | F17: =IFERROR(Table4445[[#This Row],[Fuel Liter]]/(Table4445[[#This Row],[Total Run time (if Minute)]]/60),0) -> 0 | G17: =IFERROR(Table4445[[#This Row],[Fuel Taka]]/(Table4445[[#This Row],[Total Run time (if Minute)]]/60),0) -> 0
A18: =IF(Scrap_Sale!A15="","",Scrap_Sale!A15) -> 45962 | D18: =HOUR(Table4445[[#This Row],[Total Run time (if Hour:Minute)]])*60+MINUTE(Table4445[[#This Row],[Total Run time (if Hour:Minute)]]) -> 0 | F18: =IFERROR(Table4445[[#This Row],[Fuel Liter]]/(Table4445[[#This Row],[Total Run time (if Minute)]]/60),0) -> 0 | G18: =IFERROR(Table4445[[#This Row],[Fuel Taka]]/(Table4445[[#This Row],[Total Run time (if Minute)]]/60),0) -> 0
A19: =IF(Scrap_Sale!A16="","",Scrap_Sale!A16) -> 45992 | D19: =HOUR(Table4445[[#This Row],[Total Run time (if Hour:Minute)]])*60+MINUTE(Table4445[[#This Row],[Total Run time (if Hour:Minute)]]) -> 0 | F19: =IFERROR(Table4445[[#This Row],[Fuel Liter]]/(Table4445[[#This Row],[Total Run time (if Minute)]]/60),0) -> 0 | G19: =IFERROR(Table4445[[#This Row],[Fuel Taka]]/(Table4445[[#This Row],[Total Run time (if Minute)]]/60),0) -> 0
A20: Total | B20: =SUM(B8:B19) -> 5 | C20: =SUM(C8:C19) -> 750 | D20: =SUBTOTAL(109,D8:D19) -> 130 | E20: =(SUM(E8:E19)*1440) -> 0 | F20: =IFERROR(Table4445[[#This Row],[Fuel Liter]]/(Table4445[[#This Row],[Total Run time (if Minute)]]/60),0) -> 2.3076923 | G20: =IFERROR(Table4445[[#This Row],[Fuel Taka]]/(Table4445[[#This Row],[Total Run time (if Minute)]]/60),0) -> 346.15385 | H20: =Table4445[[#This Row],[Fuel Consup. Per Hour (Liter)]]*0 -> 0
E21: Last year | F21: 1.5
A22: Avg. Liter pm | B22: =B20/COUNT(A8:A19) -> 0.41666667
A23: ="Sajib"&CHAR(169) -> Sajib© | B23: ="During our audit period total "&B20&" liters "&LOWER(B5)&" has been used for "&B4&" and average consumption rate per hour is "&TEXT(F20, "#,##,##0.00")&" liters and last year average consumption rate per hour was "&TEXT(F21, "#,##,##0.00")&" liters." -> During our audit period total 5 liters diesel has been used for 5 KVA Dolgfong Cumming, Model- and average consumption rate per hour is 2.31 liters and last year average consumption rate per hour was 1.50 liters.

Sheet G2_Fuel
A1: =Scrap_Sale!A1 -> XXXXXXXX Depot
A2: Generator Fuel Consumption
A3: =Scrap_Sale!A3 -> From Jan-25 to Dec-25
A4: Generator : | B4: 75 KVA Dolgfong Cumming, Model-
A5: Fuel Type : | B5: Petrol
A6: Origin :
A7: Month | B7: Fuel Liter | C7: Fuel Taka | D7: Total Run time (if Minute) | E7: Total Run time (if Hour:Minute) | F7: Fuel Consup. Per Hour (Liter) | G7: Fuel Consup. Per Hour (Taka) | H7: Comments
A8: =IF(Scrap_Sale!A5="","",Scrap_Sale!A5) -> 45658 | B8: 5 | C8: 750 | D8: 130 | F8: =IFERROR(Table44458[[#This Row],[Fuel Liter]]/(Table44458[[#This Row],[Total Run time (if Minute)]]/60),0) -> 2.3076923 | G8: =IFERROR(Table44458[[#This Row],[Fuel Taka]]/(Table44458[[#This Row],[Total Run time (if Minute)]]/60),0) -> 346.15385
A9: =IF(Scrap_Sale!A6="","",Scrap_Sale!A6) -> 45689 | D9: =HOUR(Table44458[[#This Row],[Total Run time (if Hour:Minute)]])*60+MINUTE(Table44458[[#This Row],[Total Run time (if Hour:Minute)]]) -> 0 | F9: =IFERROR(Table44458[[#This Row],[Fuel Liter]]/(Table44458[[#This Row],[Total Run time (if Minute)]]/60),0) -> 0 | G9: =IFERROR(Table44458[[#This Row],[Fuel Taka]]/(Table44458[[#This Row],[Total Run time (if Minute)]]/60),0) -> 0
A10: =IF(Scrap_Sale!A7="","",Scrap_Sale!A7) -> 45717 | D10: =HOUR(Table44458[[#This Row],[Total Run time (if Hour:Minute)]])*60+MINUTE(Table44458[[#This Row],[Total Run time (if Hour:Minute)]]) -> 0 | F10: =IFERROR(Table44458[[#This Row],[Fuel Liter]]/(Table44458[[#This Row],[Total Run time (if Minute)]]/60),0) -> 0 | G10: =IFERROR(Table44458[[#This Row],[Fuel Taka]]/(Table44458[[#This Row],[Total Run time (if Minute)]]/60),0) -> 0
A11: =IF(Scrap_Sale!A8="","",Scrap_Sale!A8) -> 45748 | D11: =HOUR(Table44458[[#This Row],[Total Run time (if Hour:Minute)]])*60+MINUTE(Table44458[[#This Row],[Total Run time (if Hour:Minute)]]) -> 0 | F11: =IFERROR(Table44458[[#This Row],[Fuel Liter]]/(Table44458[[#This Row],[Total Run time (if Minute)]]/60),0) -> 0 | G11: =IFERROR(Table44458[[#This Row],[Fuel Taka]]/(Table44458[[#This Row],[Total Run time (if Minute)]]/60),0) -> 0
A12: =IF(Scrap_Sale!A9="","",Scrap_Sale!A9) -> 45778 | D12: =HOUR(Table44458[[#This Row],[Total Run time (if Hour:Minute)]])*60+MINUTE(Table44458[[#This Row],[Total Run time (if Hour:Minute)]]) -> 0 | F12: =IFERROR(Table44458[[#This Row],[Fuel Liter]]/(Table44458[[#This Row],[Total Run time (if Minute)]]/60),0) -> 0 | G12: =IFERROR(Table44458[[#This Row],[Fuel Taka]]/(Table44458[[#This Row],[Total Run time (if Minute)]]/60),0) -> 0
A13: =IF(Scrap_Sale!A10="","",Scrap_Sale!A10) -> 45809 | D13: =HOUR(Table44458[[#This Row],[Total Run time (if Hour:Minute)]])*60+MINUTE(Table44458[[#This Row],[Total Run time (if Hour:Minute)]]) -> 0 | F13: =IFERROR(Table44458[[#This Row],[Fuel Liter]]/(Table44458[[#This Row],[Total Run time (if Minute)]]/60),0) -> 0 | G13: =IFERROR(Table44458[[#This Row],[Fuel Taka]]/(Table44458[[#This Row],[Total Run time (if Minute)]]/60),0) -> 0
A14: =IF(Scrap_Sale!A11="","",Scrap_Sale!A11) -> 45839 | D14: =HOUR(Table44458[[#This Row],[Total Run time (if Hour:Minute)]])*60+MINUTE(Table44458[[#This Row],[Total Run time (if Hour:Minute)]]) -> 0 | F14: =IFERROR(Table44458[[#This Row],[Fuel Liter]]/(Table44458[[#This Row],[Total Run time (if Minute)]]/60),0) -> 0 | G14: =IFERROR(Table44458[[#This Row],[Fuel Taka]]/(Table44458[[#This Row],[Total Run time (if Minute)]]/60),0) -> 0
A15: =IF(Scrap_Sale!A12="","",Scrap_Sale!A12) -> 45870 | D15: =HOUR(Table44458[[#This Row],[Total Run time (if Hour:Minute)]])*60+MINUTE(Table44458[[#This Row],[Total Run time (if Hour:Minute)]]) -> 0 | F15: =IFERROR(Table44458[[#This Row],[Fuel Liter]]/(Table44458[[#This Row],[Total Run time (if Minute)]]/60),0) -> 0 | G15: =IFERROR(Table44458[[#This Row],[Fuel Taka]]/(Table44458[[#This Row],[Total Run time (if Minute)]]/60),0) -> 0
A16: =IF(Scrap_Sale!A13="","",Scrap_Sale!A13) -> 45901 | D16: =HOUR(Table44458[[#This Row],[Total Run time (if Hour:Minute)]])*60+MINUTE(Table44458[[#This Row],[Total Run time (if Hour:Minute)]]) -> 0 | F16: =IFERROR(Table44458[[#This Row],[Fuel Liter]]/(Table44458[[#This Row],[Total Run time (if Minute)]]/60),0) -> 0 | G16: =IFERROR(Table44458[[#This Row],[Fuel Taka]]/(Table44458[[#This Row],[Total Run time (if Minute)]]/60),0) -> 0
A17: =IF(Scrap_Sale!A14="","",Scrap_Sale!A14) -> 45931 | D17: =HOUR(Table44458[[#This Row],[Total Run time (if Hour:Minute)]])*60+MINUTE(Table44458[[#This Row],[Total Run time (if Hour:Minute)]]) -> 0 | F17: =IFERROR(Table44458[[#This Row],[Fuel Liter]]/(Table44458[[#This Row],[Total Run time (if Minute)]]/60),0) -> 0 | G17: =IFERROR(Table44458[[#This Row],[Fuel Taka]]/(Table44458[[#This Row],[Total Run time (if Minute)]]/60),0) -> 0
A18: =IF(Scrap_Sale!A15="","",Scrap_Sale!A15) -> 45962 | D18: =HOUR(Table44458[[#This Row],[Total Run time (if Hour:Minute)]])*60+MINUTE(Table44458[[#This Row],[Total Run time (if Hour:Minute)]]) -> 0 | F18: =IFERROR(Table44458[[#This Row],[Fuel Liter]]/(Table44458[[#This Row],[Total Run time (if Minute)]]/60),0) -> 0 | G18: =IFERROR(Table44458[[#This Row],[Fuel Taka]]/(Table44458[[#This Row],[Total Run time (if Minute)]]/60),0) -> 0
A19: =IF(Scrap_Sale!A16="","",Scrap_Sale!A16) -> 45992 | D19: =HOUR(Table44458[[#This Row],[Total Run time (if Hour:Minute)]])*60+MINUTE(Table44458[[#This Row],[Total Run time (if Hour:Minute)]]) -> 0 | F19: =IFERROR(Table44458[[#This Row],[Fuel Liter]]/(Table44458[[#This Row],[Total Run time (if Minute)]]/60),0) -> 0 | G19: =IFERROR(Table44458[[#This Row],[Fuel Taka]]/(Table44458[[#This Row],[Total Run time (if Minute)]]/60),0) -> 0
A20: Total | B20: =SUM(B8:B19) -> 5 | C20: =SUM(C8:C19) -> 750 | D20: =SUBTOTAL(109,D8:D19) -> 130 | E20: =(SUM(E8:E19)*1440) -> 0 | F20: =IFERROR(Table44458[[#This Row],[Fuel Liter]]/(Table44458[[#This Row],[Total Run time (if Minute)]]/60),0) -> 2.3076923 | G20: =IFERROR(Table44458[[#This Row],[Fuel Taka]]/(Table44458[[#This Row],[Total Run time (if Minute)]]/60),0) -> 346.15385 | H20: =Table44458[[#This Row],[Fuel Consup. Per Hour (Liter)]]*0 -> 0
E21: Last year | F21: 1.5
A22: Avg. Liter pm | B22: =B20/COUNT(A8:A19) -> 0.41666667
A23: ="Sajib"&CHAR(169) -> Sajib© | B23: ="On the other hand, total "&B20&" liters "&LOWER(B5)&" has been used for "&B4&" and average consumption rate per hour is "&TEXT(F20, "#,##,##0.00")&" liters and last year average consumption rate per hour was "&TEXT(F21, "#,##,##0.00")&" liters." -> On the other hand, total 5 liters petrol has been used for 75 KVA Dolgfong Cumming, Model- and average consumption rate per hour is 2.31 liters and last year average consumption rate per hour was 1.50 liters.

Sheet G_note
A1: =G1_Fuel!B23 -> During our audit period total 5 liters diesel has been used for 5 KVA Dolgfong Cumming, Model- and average consumption rate per hour is 2.31 liters and last year average consumption rate per hour was 1.50 liters.
A2: =G2_Fuel!B23 -> On the other hand, total 5 liters petrol has been used for 75 KVA Dolgfong Cumming, Model- and average consumption rate per hour is 2.31 liters and last year average consumption rate per hour was 1.50 liters.
A3: ="It is to be noted that, we could not calculate the actual consumption rate due to opening and closing stock of fuel was not recorded." -> It is to be noted that, we could not calculate the actual consumption rate due to opening and closing stock of fuel was not recorded.
A5: ="There are two generators "&G1_Fuel!B4&" and "&G2_Fuel!B4&" are used in this depot." -> There are two generators 5 KVA Dolgfong Cumming, Model- and 75 KVA Dolgfong Cumming, Model- are used in this depot.
A6: =_xlfn.CONCAT(A1:A3) -> During our audit period total 5 liters diesel has been used for 5 KVA Dolgfong Cumming, Model- and average consumption rate per hour is 2.31 liters and last year average consumption rate per hour was 1.50 liters.On the other hand, total 5 liters petrol has been used for 75 KVA Dolgfong Cumming, Model- and average consumption rate per hour is 2.31 liters and last year average consumption rate per hour was 1.50 liters.It is to be noted that, we could not calculate the actual consumption rate due to opening and closing stock of fuel was not recorded.
A7: Record is maintained for repair & maintenance of Generator in the register.

Sheet Vehicles
A1: =Scrap_Sale!A1 -> XXXXXXXX Depot
A2: Vehicles Details
A3: As on XXXXXX
A5: SL No. | B5: ID | C5: Driver Name | D5: Registrtation No. | E5: Milage Meter | F5: Comments
A6: =(IF(B6<>"",COUNTA($B$6:B6),"")) -> 1 | B6: 09UUH
A7: =(IF(B7<>"",COUNTA($B$6:B7),"")) -> 2 | B7: 88899
A8: =(IF(B8<>"",COUNTA($B$6:B8),""))
A9: =(IF(B9<>"",COUNTA($B$6:B9),""))
A10: =(IF(B10<>"",COUNTA($B$6:B10),""))
A11: =(IF(B11<>"",COUNTA($B$6:B11),""))
A12: =(IF(B12<>"",COUNTA($B$6:B12),""))
A13: =(IF(B13<>"",COUNTA($B$6:B13),""))
A14: =(IF(B14<>"",COUNTA($B$6:B14),""))
A15: =(IF(B15<>"",COUNTA($B$6:B15),""))
A23: ="Sajib"&CHAR(169) -> Sajib©

Sheet Carton
A1: =Scrap_Sale!A1 -> XXXXXXXX Depot
A2: Statement of Carton consumption against Invoice
A3: =Scrap_Sale!A3 -> From Jan-25 to Dec-25
B5: Carton Cost | E5: No. of Invoice FG | J5: Consumption
A6: Month | B6: PCS | C6: Rate | D6: Total Taka | E6: FG (Human) | F6: FG (Vet) | G6: Sample (HU) | H6: Sample (vet) | I6: Total Invoice | J6: per invoice Tk.
A7: =IF(Scrap_Sale!A5="","",Scrap_Sale!A5) -> 45658 | C7: =IFERROR(Table1[[#This Row],[Total Taka]]/Table1[[#This Row],[PCS]],0) -> 0 | I7: =SUM(Table1[[#This Row],[FG (Human)]:[Sample (vet)]]) -> 0 | J7: =IFERROR(Table1[[#This Row],[Total Taka]]/Table1[[#This Row],[Total Invoice]],0) -> 0
A8: =IF(Scrap_Sale!A6="","",Scrap_Sale!A6) -> 45689 | C8: =IFERROR(Table1[[#This Row],[Total Taka]]/Table1[[#This Row],[PCS]],0) -> 0 | I8: =SUM(Table1[[#This Row],[FG (Human)]:[Sample (vet)]]) -> 0 | J8: =IFERROR(Table1[[#This Row],[Total Taka]]/Table1[[#This Row],[Total Invoice]],0) -> 0
A9: =IF(Scrap_Sale!A7="","",Scrap_Sale!A7) -> 45717 | C9: =IFERROR(Table1[[#This Row],[Total Taka]]/Table1[[#This Row],[PCS]],0) -> 0 | I9: =SUM(Table1[[#This Row],[FG (Human)]:[Sample (vet)]]) -> 0 | J9: =IFERROR(Table1[[#This Row],[Total Taka]]/Table1[[#This Row],[Total Invoice]],0) -> 0
A10: =IF(Scrap_Sale!A8="","",Scrap_Sale!A8) -> 45748 | C10: =IFERROR(Table1[[#This Row],[Total Taka]]/Table1[[#This Row],[PCS]],0) -> 0 | I10: =SUM(Table1[[#This Row],[FG (Human)]:[Sample (vet)]]) -> 0 | J10: =IFERROR(Table1[[#This Row],[Total Taka]]/Table1[[#This Row],[Total Invoice]],0) -> 0
A11: =IF(Scrap_Sale!A9="","",Scrap_Sale!A9) -> 45778 | C11: =IFERROR(Table1[[#This Row],[Total Taka]]/Table1[[#This Row],[PCS]],0) -> 0 | I11: =SUM(Table1[[#This Row],[FG (Human)]:[Sample (vet)]]) -> 0 | J11: =IFERROR(Table1[[#This Row],[Total Taka]]/Table1[[#This Row],[Total Invoice]],0) -> 0
A12: =IF(Scrap_Sale!A10="","",Scrap_Sale!A10) -> 45809 | C12: =IFERROR(Table1[[#This Row],[Total Taka]]/Table1[[#This Row],[PCS]],0) -> 0 | I12: =SUM(Table1[[#This Row],[FG (Human)]:[Sample (vet)]]) -> 0 | J12: =IFERROR(Table1[[#This Row],[Total Taka]]/Table1[[#This Row],[Total Invoice]],0) -> 0
A13: =IF(Scrap_Sale!A11="","",Scrap_Sale!A11) -> 45839 | C13: =IFERROR(Table1[[#This Row],[Total Taka]]/Table1[[#This Row],[PCS]],0) -> 0 | I13: =SUM(Table1[[#This Row],[FG (Human)]:[Sample (vet)]]) -> 0 | J13: =IFERROR(Table1[[#This Row],[Total Taka]]/Table1[[#This Row],[Total Invoice]],0) -> 0
A14: =IF(Scrap_Sale!A12="","",Scrap_Sale!A12) -> 45870 | C14: =IFERROR(Table1[[#This Row],[Total Taka]]/Table1[[#This Row],[PCS]],0) -> 0 | I14: =SUM(Table1[[#This Row],[FG (Human)]:[Sample (vet)]]) -> 0 | J14: =IFERROR(Table1[[#This Row],[Total Taka]]/Table1[[#This Row],[Total Invoice]],0) -> 0
A15: =IF(Scrap_Sale!A13="","",Scrap_Sale!A13) -> 45901 | C15: =IFERROR(Table1[[#This Row],[Total Taka]]/Table1[[#This Row],[PCS]],0) -> 0 | I15: =SUM(Table1[[#This Row],[FG (Human)]:[Sample (vet)]]) -> 0 | J15: =IFERROR(Table1[[#This Row],[Total Taka]]/Table1[[#This Row],[Total Invoice]],0) -> 0
A16: =IF(Scrap_Sale!A14="","",Scrap_Sale!A14) -> 45931 | C16: =IFERROR(Table1[[#This Row],[Total Taka]]/Table1[[#This Row],[PCS]],0) -> 0 | I16: =SUM(Table1[[#This Row],[FG (Human)]:[Sample (vet)]]) -> 0 | J16: =IFERROR(Table1[[#This Row],[Total Taka]]/Table1[[#This Row],[Total Invoice]],0) -> 0
A17: =IF(Scrap_Sale!A15="","",Scrap_Sale!A15) -> 45962 | C17: =IFERROR(Table1[[#This Row],[Total Taka]]/Table1[[#This Row],[PCS]],0) -> 0 | I17: =SUM(Table1[[#This Row],[FG (Human)]:[Sample (vet)]]) -> 0 | J17: =IFERROR(Table1[[#This Row],[Total Taka]]/Table1[[#This Row],[Total Invoice]],0) -> 0
A18: =IF(Scrap_Sale!A16="","",Scrap_Sale!A16) -> 45992 | C18: =IFERROR(Table1[[#This Row],[Total Taka]]/Table1[[#This Row],[PCS]],0) -> 0 | I18: =SUM(Table1[[#This Row],[FG (Human)]:[Sample (vet)]]) -> 0 | J18: =IFERROR(Table1[[#This Row],[Total Taka]]/Table1[[#This Row],[Total Invoice]],0) -> 0
A19: Total | B19: =SUM(B7:B18) -> 0 | C19: =IFERROR(Table1[[#This Row],[Total Taka]]/Table1[[#This Row],[PCS]],0) -> 0 | D19: =SUM(D7:D18) -> 0 | E19: =SUM(E7:E18) -> 0 | F19: =SUM(F7:F18) -> 0 | H19: =SUM(H7:H18) -> 0 | I19: =SUM(I7:I18) -> 0 | J19: =IFERROR(Table1[[#This Row],[Total Taka]]/Table1[[#This Row],[Total Invoice]],0) -> 0
A20: Avg. Qty. | B20: =B19/COUNT(A7:A18) -> 0 | I20: Last year
A21: ="Sajib"&" "&CHAR(169) -> Sajib © | B21: ="Average Carton consumption against per invoice except sample was Tk."&TEXT(J19, "#,##,##0.00")&" which was "&IF(J19<J20,"decreased than",IF(J19>J20,"increased than","equal as"))&" previous audit period. Last audit period per invoice cost was Tk."&TEXT(J20, "#,##,##0.00")&"." -> Average Carton consumption against per invoice except sample was Tk.0.00 which was equal as previous audit period. Last audit period per invoice cost was Tk.0.00.
A22: =B21&"It is to be noted that, we could not calculate month to month average Carton consumption rate per invoice due to lack of proper recording of monthly Carton consumption." -> Average Carton consumption against per invoice except sample was Tk.0.00 which was equal as previous audit period. Last audit period per invoice cost was Tk.0.00.It is to be noted that, we could not calculate month to month average Carton consumption rate per invoice due to lack of proper recording of monthly Carton consumption.

Sheet Note_Car_P_Rope
A1: Plastic Rope has been purchased through DSC (South) depot @ Tk.79.00 per kg with duly approved by distribution department.
A2: =Carton!A22 -> Average Carton consumption against per invoice except sample was Tk.0.00 which was equal as previous audit period. Last audit period per invoice cost was Tk.0.00.It is to be noted that, we could not calculate month to month average Carton consumption rate per invoice due to lack of proper recording of monthly Carton consumption.
A3: =P_Rope!A22 -> Average Plastic Rope consumption against per invoice except sample was Tk.0.00 which was decreased than previous audit period. Last audit period per invoice cost was Tk.2.00.It is to be noted that, we could not calculate month to month average Plastic Rope consumption rate per invoice due to lack of proper recording of monthly Plastic Rope consumption.

Sheet P_Rope
A1: =Scrap_Sale!A1 -> XXXXXXXX Depot
A2: Statement of Plastic Rope consumption against Invoice
A3: =Scrap_Sale!A3 -> From Jan-25 to Dec-25
B5: Plastic Rope Cost | E5: No. of Invoice FG | J5: Consumption
A6: Month | B6: PCS | C6: Rate | D6: Total Taka | E6: FG (Human) | F6: FG (Vet) | G6: Sample (HU) | H6: Sample (vet) | I6: Total Invoice | J6: per invoice Tk.
A7: =IF(Scrap_Sale!A5="","",Scrap_Sale!A5) -> 45658 | C7: =IFERROR(Table16[[#This Row],[Total Taka]]/Table16[[#This Row],[PCS]],0) -> 0 | I7: =SUM(Table16[[#This Row],[FG (Human)]:[Sample (vet)]]) -> 0 | J7: =IFERROR(Table16[[#This Row],[Total Taka]]/Table16[[#This Row],[Total Invoice]],0) -> 0
A8: =IF(Scrap_Sale!A6="","",Scrap_Sale!A6) -> 45689 | C8: =IFERROR(Table16[[#This Row],[Total Taka]]/Table16[[#This Row],[PCS]],0) -> 0 | I8: =SUM(Table16[[#This Row],[FG (Human)]:[Sample (vet)]]) -> 0 | J8: =IFERROR(Table16[[#This Row],[Total Taka]]/Table16[[#This Row],[Total Invoice]],0) -> 0
A9: =IF(Scrap_Sale!A7="","",Scrap_Sale!A7) -> 45717 | C9: =IFERROR(Table16[[#This Row],[Total Taka]]/Table16[[#This Row],[PCS]],0) -> 0 | I9: =SUM(Table16[[#This Row],[FG (Human)]:[Sample (vet)]]) -> 0 | J9: =IFERROR(Table16[[#This Row],[Total Taka]]/Table16[[#This Row],[Total Invoice]],0) -> 0
A10: =IF(Scrap_Sale!A8="","",Scrap_Sale!A8) -> 45748 | C10: =IFERROR(Table16[[#This Row],[Total Taka]]/Table16[[#This Row],[PCS]],0) -> 0 | I10: =SUM(Table16[[#This Row],[FG (Human)]:[Sample (vet)]]) -> 0 | J10: =IFERROR(Table16[[#This Row],[Total Taka]]/Table16[[#This Row],[Total Invoice]],0) -> 0
A11: =IF(Scrap_Sale!A9="","",Scrap_Sale!A9) -> 45778 | C11: =IFERROR(Table16[[#This Row],[Total Taka]]/Table16[[#This Row],[PCS]],0) -> 0 | I11: =SUM(Table16[[#This Row],[FG (Human)]:[Sample (vet)]]) -> 0 | J11: =IFERROR(Table16[[#This Row],[Total Taka]]/Table16[[#This Row],[Total Invoice]],0) -> 0
A12: =IF(Scrap_Sale!A10="","",Scrap_Sale!A10) -> 45809 | C12: =IFERROR(Table16[[#This Row],[Total Taka]]/Table16[[#This Row],[PCS]],0) -> 0 | I12: =SUM(Table16[[#This Row],[FG (Human)]:[Sample (vet)]]) -> 0 | J12: =IFERROR(Table16[[#This Row],[Total Taka]]/Table16[[#This Row],[Total Invoice]],0) -> 0
A13: =IF(Scrap_Sale!A11="","",Scrap_Sale!A11) -> 45839 | C13: =IFERROR(Table16[[#This Row],[Total Taka]]/Table16[[#This Row],[PCS]],0) -> 0 | I13: =SUM(Table16[[#This Row],[FG (Human)]:[Sample (vet)]]) -> 0 | J13: =IFERROR(Table16[[#This Row],[Total Taka]]/Table16[[#This Row],[Total Invoice]],0) -> 0
A14: =IF(Scrap_Sale!A12="","",Scrap_Sale!A12) -> 45870 | C14: =IFERROR(Table16[[#This Row],[Total Taka]]/Table16[[#This Row],[PCS]],0) -> 0 | I14: =SUM(Table16[[#This Row],[FG (Human)]:[Sample (vet)]]) -> 0 | J14: =IFERROR(Table16[[#This Row],[Total Taka]]/Table16[[#This Row],[Total Invoice]],0) -> 0
A15: =IF(Scrap_Sale!A13="","",Scrap_Sale!A13) -> 45901 | C15: =IFERROR(Table16[[#This Row],[Total Taka]]/Table16[[#This Row],[PCS]],0) -> 0 | I15: =SUM(Table16[[#This Row],[FG (Human)]:[Sample (vet)]]) -> 0 | J15: =IFERROR(Table16[[#This Row],[Total Taka]]/Table16[[#This Row],[Total Invoice]],0) -> 0
A16: =IF(Scrap_Sale!A14="","",Scrap_Sale!A14) -> 45931 | C16: =IFERROR(Table16[[#This Row],[Total Taka]]/Table16[[#This Row],[PCS]],0) -> 0 | I16: =SUM(Table16[[#This Row],[FG (Human)]:[Sample (vet)]]) -> 0 | J16: =IFERROR(Table16[[#This Row],[Total Taka]]/Table16[[#This Row],[Total Invoice]],0) -> 0
A17: =IF(Scrap_Sale!A15="","",Scrap_Sale!A15) -> 45962 | C17: =IFERROR(Table16[[#This Row],[Total Taka]]/Table16[[#This Row],[PCS]],0) -> 0 | I17: =SUM(Table16[[#This Row],[FG (Human)]:[Sample (vet)]]) -> 0 | J17: =IFERROR(Table16[[#This Row],[Total Taka]]/Table16[[#This Row],[Total Invoice]],0) -> 0
A18: =IF(Scrap_Sale!A16="","",Scrap_Sale!A16) -> 45992 | C18: =IFERROR(Table16[[#This Row],[Total Taka]]/Table16[[#This Row],[PCS]],0) -> 0 | I18: =SUM(Table16[[#This Row],[FG (Human)]:[Sample (vet)]]) -> 0 | J18: =IFERROR(Table16[[#This Row],[Total Taka]]/Table16[[#This Row],[Total Invoice]],0) -> 0
A19: Total | B19: =SUM(B7:B18) -> 0 | C19: =IFERROR(Table16[[#This Row],[Total Taka]]/Table16[[#This Row],[PCS]],0) -> 0 | D19: =SUM(D7:D18) -> 0 | E19: =SUM(E7:E18) -> 0 | F19: =SUM(F7:F18) -> 0 | H19: =SUM(H7:H18) -> 0 | I19: =SUM(I7:I18) -> 0 | J19: =IFERROR(Table16[[#This Row],[Total Taka]]/Table16[[#This Row],[Total Invoice]],0) -> 0
A20: Avg. Qty. | B20: =B19/COUNT(A7:A18) -> 0 | I20: Last year | J20: 2
A21: ="Sajib"&" "&CHAR(169) -> Sajib © | B21: ="Average Plastic Rope consumption against per invoice except sample was Tk."&TEXT(J19, "#,##,##0.00")&" which was "&IF(J19<J20,"decreased than",IF(J19>J20,"increased than","equal as"))&" previous audit period. Last audit period per invoice cost was Tk."&TEXT(J20, "#,##,##0.00")&"." -> Average Plastic Rope consumption against per invoice except sample was Tk.0.00 which was decreased than previous audit period. Last audit period per invoice cost was Tk.2.00.
A22: =B21&"It is to be noted that, we could not calculate month to month average Plastic Rope consumption rate per invoice due to lack of proper recording of monthly Plastic Rope consumption." -> Average Plastic Rope consumption against per invoice except sample was Tk.0.00 which was decreased than previous audit period. Last audit period per invoice cost was Tk.2.00.It is to be noted that, we could not calculate month to month average Plastic Rope consumption rate per invoice due to lack of proper recording of monthly Plastic Rope consumption.

Sheet D Exp,Replace
A1: =Scrap_Sale!A1 -> XXXXXXXX Depot
A2: Date Expired VS Replace Bill
A3: =Scrap_Sale!A3 -> From Jan-25 to Dec-25
A5: Months | B5: Date Expired Taka | C5: Replace bill Taka | D5: Difference Taka
A6: =IF(Scrap_Sale!A5="","",Scrap_Sale!A5) -> 45658 | D6: =IF(Table9[[#This Row],[Date Expired Taka]]-Table9[[#This Row],[Replace bill Taka]]=0,"",Table9[[#This Row],[Date Expired Taka]]-Table9[[#This Row],[Replace bill Taka]])
A7: =IF(Scrap_Sale!A6="","",Scrap_Sale!A6) -> 45689 | D7: =IF(Table9[[#This Row],[Date Expired Taka]]-Table9[[#This Row],[Replace bill Taka]]=0,"",Table9[[#This Row],[Date Expired Taka]]-Table9[[#This Row],[Replace bill Taka]])
A8: =IF(Scrap_Sale!A7="","",Scrap_Sale!A7) -> 45717 | D8: =IF(Table9[[#This Row],[Date Expired Taka]]-Table9[[#This Row],[Replace bill Taka]]=0,"",Table9[[#This Row],[Date Expired Taka]]-Table9[[#This Row],[Replace bill Taka]])
A9: =IF(Scrap_Sale!A8="","",Scrap_Sale!A8) -> 45748 | D9: =IF(Table9[[#This Row],[Date Expired Taka]]-Table9[[#This Row],[Replace bill Taka]]=0,"",Table9[[#This Row],[Date Expired Taka]]-Table9[[#This Row],[Replace bill Taka]])
A10: =IF(Scrap_Sale!A9="","",Scrap_Sale!A9) -> 45778 | D10: =IF(Table9[[#This Row],[Date Expired Taka]]-Table9[[#This Row],[Replace bill Taka]]=0,"",Table9[[#This Row],[Date Expired Taka]]-Table9[[#This Row],[Replace bill Taka]])
A11: =IF(Scrap_Sale!A10="","",Scrap_Sale!A10) -> 45809 | D11: =IF(Table9[[#This Row],[Date Expired Taka]]-Table9[[#This Row],[Replace bill Taka]]=0,"",Table9[[#This Row],[Date Expired Taka]]-Table9[[#This Row],[Replace bill Taka]])
A12: =IF(Scrap_Sale!A11="","",Scrap_Sale!A11) -> 45839 | D12: =IF(Table9[[#This Row],[Date Expired Taka]]-Table9[[#This Row],[Replace bill Taka]]=0,"",Table9[[#This Row],[Date Expired Taka]]-Table9[[#This Row],[Replace bill Taka]])
A13: =IF(Scrap_Sale!A12="","",Scrap_Sale!A12) -> 45870 | D13: =IF(Table9[[#This Row],[Date Expired Taka]]-Table9[[#This Row],[Replace bill Taka]]=0,"",Table9[[#This Row],[Date Expired Taka]]-Table9[[#This Row],[Replace bill Taka]])
A14: =IF(Scrap_Sale!A13="","",Scrap_Sale!A13) -> 45901 | D14: =IF(Table9[[#This Row],[Date Expired Taka]]-Table9[[#This Row],[Replace bill Taka]]=0,"",Table9[[#This Row],[Date Expired Taka]]-Table9[[#This Row],[Replace bill Taka]])
A15: =IF(Scrap_Sale!A14="","",Scrap_Sale!A14) -> 45931 | D15: =IF(Table9[[#This Row],[Date Expired Taka]]-Table9[[#This Row],[Replace bill Taka]]=0,"",Table9[[#This Row],[Date Expired Taka]]-Table9[[#This Row],[Replace bill Taka]])
A16: =IF(Scrap_Sale!A15="","",Scrap_Sale!A15) -> 45962 | D16: =IF(Table9[[#This Row],[Date Expired Taka]]-Table9[[#This Row],[Replace bill Taka]]=0,"",Table9[[#This Row],[Date Expired Taka]]-Table9[[#This Row],[Replace bill Taka]])
A17: =IF(Scrap_Sale!A16="","",Scrap_Sale!A16) -> 45992 | D17: =IF(Table9[[#This Row],[Date Expired Taka]]-Table9[[#This Row],[Replace bill Taka]]=0,"",Table9[[#This Row],[Date Expired Taka]]-Table9[[#This Row],[Replace bill Taka]])
A18: Total | B18: =SUM(B6:B17) -> 0 | C18: =SUM(C6:C17) -> 0 | D18: =SUM(D6:D17) -> 0
A19: ="Sajib"&" "&CHAR(169) -> Sajib ©
